"Code du chapitre SH";"Libellé du chapitre SH";"Code du groupement d'utilisation";"Libellé du groupement d'utilisation";"Code de la section CTCI";"Libellé de la section CTCI";"Poids en KG Janvier 2000";"Poids en KG Février 2000";"Poids en KG Mars 2000";"Poids en KG Avril 2000";"Poids en KG Mai 2000";"Poids en KG Juin 2000";"Poids en KG Janvier 2001";"Poids en KG Février 2001";"Poids en KG Mars 2001";"Poids en KG Avril 2001";"Poids en KG Mai 2001";"Poids en KG Juin 2001";
"01";"ANIMAUX VIVANTS";"1";"ALIMENTATION, BOISSONS ET TABACS";"0";"PRODUITS ALIMENTAIRES ET ANIMAUX VIVANTS";"942503";"1273898";"937186";"633746";"429892";"548746";"28332";"26136";"25988";"31897";"66812";"56935";
"01";"ANIMAUX VIVANTS";"3";"PRODUITS BRUTS D'ORIGINE ANIMALE ET VEGETALE";"0";"PRODUITS ALIMENTAIRES ET ANIMAUX VIVANTS";"9933";"1182";"2646";"2462";"2874";"909";"15926";"10609";"4094";"148";"5597";"203";
"02";"VIANDES ET ABATS COMESTIBLES";"1";"ALIMENTATION, BOISSONS ET TABACS";"0";"PRODUITS ALIMENTAIRES ET ANIMAUX VIVANTS";"136635";"73799";"86519";"241974";"190593";"241943";"140344";"248428";"227894";"157970";"277951";"289577";
"03";"POISSONS, CRUSTACÉS, MOLLUSQUES ET AUTRES INVERTÉBRÉS AQUATIQUES";"1";"ALIMENTATION, BOISSONS ET TABACS";"0";"PRODUITS ALIMENTAIRES ET ANIMAUX VIVANTS";"20003398";"26719166";"18168982";"12335149";"18635760";"25085184";"37233664";"21797059";"10494462";"15061489";"14877201";"11182897";
"04";"LAIT, PRODUITS LAITIERS, ¿UFS, PRODUITS COMESTIBLES D'ORIGINE ANIMALE";"1";"ALIMENTATION, BOISSONS ET TABACS";"0";"PRODUITS ALIMENTAIRES ET ANIMAUX VIVANTS";"5471470";"4767860";"4106504";"3148855";"4979365";"3626384";"5571983";"7869611";"5060778";"3808738";"4731095";"4751024";
"04";"LAIT, PRODUITS LAITIERS, ¿UFS, PRODUITS COMESTIBLES D'ORIGINE ANIMALE";"3";"PRODUITS BRUTS D'ORIGINE ANIMALE ET VEGETALE";"0";"PRODUITS ALIMENTAIRES ET ANIMAUX VIVANTS";"0";"8";"0";"0";"24";"0";"0";"0";"0";"0";"0";"0";
"05";"AUTRES PRODUITS D'ORIGINE ANIMALE, NON DÉNOMMÉS AILLEURS";"3";"PRODUITS BRUTS D'ORIGINE ANIMALE ET VEGETALE";"2";"MATIÈRES BRUTES NON COMESTIBLES À L'EXCEPTION DES CARBURANTS";"443571";"636684";"588014";"565981";"787002";"924638";"1032817";"827970";"865584";"753395";"994411";"1307156";
"06";"PLANTES VIVANTES ET PRODUITS DE LA FLORICULTURE";"3";"PRODUITS BRUTS D'ORIGINE ANIMALE ET VEGETALE";"2";"MATIÈRES BRUTES NON COMESTIBLES À L'EXCEPTION DES CARBURANTS";"589813";"650507";"921117";"257651";"546253";"204972";"643054";"352298";"863404";"401548";"597257";"570677";
"07";"LÉGUMES, PLANTES, RACINES ET TUBERCULES ALIMENTAIRES";"1";"ALIMENTATION, BOISSONS ET TABACS";"0";"PRODUITS ALIMENTAIRES ET ANIMAUX VIVANTS";"90119715";"73991200";"55093662";"22302429";"20736988";"11365620";"101326164";"74152156";"57067006";"25659351";"16947470";"7013492";
"08";"FRUITS COMESTIBLES, ÉCORCES D'AGRUMES OU DE MELONS";"1";"ALIMENTATION, BOISSONS ET TABACS";"0";"PRODUITS ALIMENTAIRES ET ANIMAUX VIVANTS";"98153958";"92408325";"82965010";"72795648";"78608503";"22282994";"63066848";"70273133";"93119856";"84879163";"30499614";"10128455";
"09";"CAFÉ, THÉ, MATÉ ET ÉPICES";"1";"ALIMENTATION, BOISSONS ET TABACS";"0";"PRODUITS ALIMENTAIRES ET ANIMAUX VIVANTS";"6459535";"9031914";"9415181";"6919751";"8853431";"8817231";"8034264";"6923632";"6955997";"9712113";"6521125";"8116318";
"10";"CÉRÉALES";"1";"ALIMENTATION, BOISSONS ET TABACS";"0";"PRODUITS ALIMENTAIRES ET ANIMAUX VIVANTS";"383556135";"436586721";"370222803";"493392347";"534027523";"501910256";"472402711";"519855427";"430225859";"540379650";"418621708";"382587528";
"11";"PRODUITS DE LA MINOTERIE, MALT, AMIDONS ET FÉCULES";"1";"ALIMENTATION, BOISSONS ET TABACS";"0";"PRODUITS ALIMENTAIRES ET ANIMAUX VIVANTS";"26851983";"2570680";"46723427";"1446934";"31619963";"1562184";"21397478";"13776723";"22139839";"41593638";"30799251";"4240365";
"11";"PRODUITS DE LA MINOTERIE, MALT, AMIDONS ET FÉCULES";"1";"ALIMENTATION, BOISSONS ET TABACS";"5";"PRODUITS CHIMIQUES ET PRODUITS CONNEXES, N.D.A.";"355977";"533400";"350682";"400890";"649450";"613850";"600486";"527395";"898228";"555715";"518430";"321485";
"12";"GRAINES ET FRUITS OLÉAGINEUX, PLANTES INDUSTRIELLES OU MÉDICINALES";"3";"PRODUITS BRUTS D'ORIGINE ANIMALE ET VEGETALE";"0";"PRODUITS ALIMENTAIRES ET ANIMAUX VIVANTS";"2450995";"5380873";"12605120";"10032481";"20620219";"2502100";"10530640";"5861547";"548391";"6627712";"6649080";"1936780";
"12";"GRAINES ET FRUITS OLÉAGINEUX, PLANTES INDUSTRIELLES OU MÉDICINALES";"3";"PRODUITS BRUTS D'ORIGINE ANIMALE ET VEGETALE";"2";"MATIÈRES BRUTES NON COMESTIBLES À L'EXCEPTION DES CARBURANTS";"16077789";"36786559";"25356971";"1481748";"21487206";"66585789";"2566404";"41502178";"34533723";"2583428";"25391008";"23457614";
"13";"GOMMES, RÉSINES ET AUTRES SUCS ET EXTRAITS VÉGÉTAUX";"3";"PRODUITS BRUTS D'ORIGINE ANIMALE ET VEGETALE";"2";"MATIÈRES BRUTES NON COMESTIBLES À L'EXCEPTION DES CARBURANTS";"404677";"383972";"416478";"463816";"387407";"716398";"555437";"663964";"639541";"812091";"567339";"432231";
"14";"MATIÈRES À TRESSER ET AUTRES PRODUITS D'ORIGINE VÉGÉTALE";"3";"PRODUITS BRUTS D'ORIGINE ANIMALE ET VEGETALE";"2";"MATIÈRES BRUTES NON COMESTIBLES À L'EXCEPTION DES CARBURANTS";"166768";"234058";"157237";"138970";"109422";"75176";"50105";"116174";"204281";"209699";"128053";"70443";
"15";"GRAISSES, HUILES ET CIRES ANIMALES OU VÉGÉTALES";"5";"DEMI  PRODUITS";"5";"PRODUITS CHIMIQUES ET PRODUITS CONNEXES, N.D.A.";"0";"0";"19500";"780";"345";"19597";"11";"1040";"23645";"20038";"5000";"27000";
"15";"GRAISSES, HUILES ET CIRES ANIMALES OU VÉGÉTALES";"1";"ALIMENTATION, BOISSONS ET TABACS";"0";"PRODUITS ALIMENTAIRES ET ANIMAUX VIVANTS";"168708";"141696";"133428";"237820";"279096";"283740";"281604";"433844";"376546";"267516";"326820";"323629";
"15";"GRAISSES, HUILES ET CIRES ANIMALES OU VÉGÉTALES";"3";"PRODUITS BRUTS D'ORIGINE ANIMALE ET VEGETALE";"4";"HUILES, GRAISSES ET CIRES D'ORIGINE ANIMALE OU VÉGÉTALE";"28831141";"37278544";"42312160";"46704558";"29491360";"30702167";"59900917";"30501868";"29369801";"40940651";"38816346";"33176943";
"15";"GRAISSES, HUILES ET CIRES ANIMALES OU VÉGÉTALES";"1";"ALIMENTATION, BOISSONS ET TABACS";"4";"HUILES, GRAISSES ET CIRES D'ORIGINE ANIMALE OU VÉGÉTALE";"0";"0";"0";"0";"0";"0";"19";"0";"0";"0";"0";"0";
"16";"PRÉPARATIONS DE VIANDES, DE POISSONS OU DE CRUSTACÉS";"1";"ALIMENTATION, BOISSONS ET TABACS";"0";"PRODUITS ALIMENTAIRES ET ANIMAUX VIVANTS";"5834829";"6054419";"6419959";"8889601";"5359877";"7414682";"5692661";"16734830";"7338614";"7859922";"8039889";"9747003";
"17";"SUCRE ET SUCRERIES";"5";"DEMI  PRODUITS";"0";"PRODUITS ALIMENTAIRES ET ANIMAUX VIVANTS";"0";"75";"1500";"500";"500";"1900";"0";"1800";"0";"1500";"301";"330";
"17";"SUCRE ET SUCRERIES";"1";"ALIMENTATION, BOISSONS ET TABACS";"0";"PRODUITS ALIMENTAIRES ET ANIMAUX VIVANTS";"70802509";"68163116";"74825350";"67501601";"44058308";"74502372";"66840333";"63769785";"64424418";"31644864";"33485091";"42747029";
"18";"CACAO ET SES PRÉPARATIONS";"1";"ALIMENTATION, BOISSONS ET TABACS";"0";"PRODUITS ALIMENTAIRES ET ANIMAUX VIVANTS";"299743";"293664";"317172";"280054";"285586";"317506";"413091";"493775";"503666";"493400";"427800";"506546";
"19";"PRÉPARATIONS À BASE DE CÉRÉALES, DE FARINE, D'AMIDONS, PÂTISSERIES";"1";"ALIMENTATION, BOISSONS ET TABACS";"0";"PRODUITS ALIMENTAIRES ET ANIMAUX VIVANTS";"592821";"680878";"1038867";"896506";"1394535";"1264767";"795855";"1082014";"1187108";"1235608";"1113074";"1034399";
"20";"PRÉPARATIONS DE LÉGUMES, DE FRUITS OU D'AUTRES PARTIES DE PLANTES";"1";"ALIMENTATION, BOISSONS ET TABACS";"0";"PRODUITS ALIMENTAIRES ET ANIMAUX VIVANTS";"8780121";"10552555";"10485787";"10616803";"11932749";"10484130";"7595767";"9017881";"8826170";"11085045";"11527729";"10185045";
"21";"PRÉPARATIONS ALIMENTAIRES DIVERSES";"3";"PRODUITS BRUTS D'ORIGINE ANIMALE ET VEGETALE";"0";"PRODUITS ALIMENTAIRES ET ANIMAUX VIVANTS";"1";"0";"0";"200";"200";"0";"200";"0";"150";"0";"350";"0";
"21";"PRÉPARATIONS ALIMENTAIRES DIVERSES";"1";"ALIMENTATION, BOISSONS ET TABACS";"0";"PRODUITS ALIMENTAIRES ET ANIMAUX VIVANTS";"676549";"963131";"698660";"891660";"766304";"1239492";"986264";"684779";"1026785";"1094442";"1142151";"1238451";
"22";"BOISSONS, LIQUIDES ALCOOLIQUES ET VINAIGRES";"5";"DEMI  PRODUITS";"1";"BOISSONS ET TABACS";"0";"39877";"25";"39877";"50";"19440";"17845";"78913";"50";"17895";"17845";"0";
"22";"BOISSONS, LIQUIDES ALCOOLIQUES ET VINAIGRES";"1";"ALIMENTATION, BOISSONS ET TABACS";"0";"PRODUITS ALIMENTAIRES ET ANIMAUX VIVANTS";"7084";"103478";"47115";"34447";"59848";"42644";"28569";"83964";"137677";"104638";"125258";"96102";
"22";"BOISSONS, LIQUIDES ALCOOLIQUES ET VINAIGRES";"1";"ALIMENTATION, BOISSONS ET TABACS";"1";"BOISSONS ET TABACS";"1482570";"2918734";"2407244";"1803286";"2985002";"4298563";"2386230";"5418565";"2142999";"2740614";"5890433";"2791232";
"22";"BOISSONS, LIQUIDES ALCOOLIQUES ET VINAIGRES";"5";"DEMI  PRODUITS";"5";"PRODUITS CHIMIQUES ET PRODUITS CONNEXES, N.D.A.";"23690";"28276";"44905";"972414";"43598";"28644";"14382";"28804";"1404063";"30261";"1106128";"1";
"23";"RÉSIDUS ET DÉCHETS DES INDUSTRIES ALIMENTAIRES, ALIMENTS POUR ANIMAUX";"1";"ALIMENTATION, BOISSONS ET TABACS";"0";"PRODUITS ALIMENTAIRES ET ANIMAUX VIVANTS";"34683216";"28195492";"54812931";"57683605";"62817265";"42268367";"86260505";"53319073";"43894367";"65393935";"57293430";"7568367";
"24";"TABACS ET SUCCÉDANÉS DE TABAC FABRIQUÉS";"1";"ALIMENTATION, BOISSONS ET TABACS";"1";"BOISSONS ET TABACS";"657152";"750729";"1260625";"855228";"564865";"327568";"256667";"135200";"140003";"576619";"791238";"479651";
"25";"SEL, SOUFRE, PIERRES, PLÂTRES, CHAUX ET CIMENTS";"4";"PRODUITS BRUTS D'ORIGINE MINERALE";"2";"MATIÈRES BRUTES NON COMESTIBLES À L'EXCEPTION DES CARBURANTS";"1540051281";"1289728027";"1509671776";"986616320";"1499920443";"1591220551";"1117790798";"2007223021";"1386697537";"1197058313";"1535809924";"1441624734";
"25";"SEL, SOUFRE, PIERRES, PLÂTRES, CHAUX ET CIMENTS";"5";"DEMI  PRODUITS";"6";"ARTICLES MANUFACTURÉS CLASSÉS PRINCIPALEMENT D'APRÈS LA MATIÈRE PREMIÈRE";"3781695";"36257593";"11287614";"46268930";"13912666";"26044205";"20789564";"43947270";"32076850";"18989180";"17578565";"33203350";
"25";"SEL, SOUFRE, PIERRES, PLÂTRES, CHAUX ET CIMENTS";"5";"DEMI  PRODUITS";"2";"MATIÈRES BRUTES NON COMESTIBLES À L'EXCEPTION DES CARBURANTS";"17202947";"75593400";"29606";"57926160";"55900";"36214115";"45191500";"34735658";"57935515";"117841650";"18469425";"18310186";
"26";"MINERAIS, SCORIES, ET CENDRES";"4";"PRODUITS BRUTS D'ORIGINE MINERALE";"2";"MATIÈRES BRUTES NON COMESTIBLES À L'EXCEPTION DES CARBURANTS";"21378754";"4356990";"39757209";"47095226";"2317316";"51118383";"17105889";"8968461";"66489506";"14830423";"46239041";"53415752";
"27";"COMBUSTIBLES MINÉRAUX, HUILES MINÉRALES, MATIÈRES BITUMINEUSES";"4";"PRODUITS BRUTS D'ORIGINE MINERALE";"2";"MATIÈRES BRUTES NON COMESTIBLES À L'EXCEPTION DES CARBURANTS";"930";"0";"0";"0";"40200";"89600";"0";"200";"0";"77420";"38250";"0";
"27";"COMBUSTIBLES MINÉRAUX, HUILES MINÉRALES, MATIÈRES BITUMINEUSES";"2";"ENERGIE  ET  LUBRIFIANTS";"3";"COMBUSTIBLES ET MINÉRAUX, LUBRIFIANTS ET PRODUITS CONNEXES";"1372904284";"1175026557";"1603115630";"1390032221";"1549857309";"1956285985";"1243239424";"1353666970";"1420228147";"1841498950";"1766592275";"1734336095";
"27";"COMBUSTIBLES MINÉRAUX, HUILES MINÉRALES, MATIÈRES BITUMINEUSES";"5";"DEMI  PRODUITS";"3";"COMBUSTIBLES ET MINÉRAUX, LUBRIFIANTS ET PRODUITS CONNEXES";"67000";"62932";"111414";"109430";"132569";"129430";"59930";"21385";"39170";"40340";"1803270";"30957";
"28";"PRODUITS CHIMIQUES INORGANIQUES";"4";"PRODUITS BRUTS D'ORIGINE MINERALE";"5";"PRODUITS CHIMIQUES ET PRODUITS CONNEXES, N.D.A.";"0";"8";"0";"8";"0";"200";"0";"75";"0";"100";"7000";"0";
"28";"PRODUITS CHIMIQUES INORGANIQUES";"5";"DEMI  PRODUITS";"5";"PRODUITS CHIMIQUES ET PRODUITS CONNEXES, N.D.A.";"313148704";"268879806";"390493444";"376022553";"439286617";"319004120";"225440311";"432010364";"235640402";"301309228";"340481137";"372145667";
"28";"PRODUITS CHIMIQUES INORGANIQUES";"5";"DEMI  PRODUITS";"2";"MATIÈRES BRUTES NON COMESTIBLES À L'EXCEPTION DES CARBURANTS";"7817";"68900";"52094";"51";"13410";"138639";"11042";"142775";"30558";"49006";"52723";"46240";
"29";"PRODUITS CHIMIQUES ORGANIQUES";"8";"PRODUITS FINIS DE CONSOMMATION";"5";"PRODUITS CHIMIQUES ET PRODUITS CONNEXES, N.D.A.";"0";"12279";"19292";"7474";"12442";"20782";"15891";"15881";"16819";"17358";"21051";"13642";
"29";"PRODUITS CHIMIQUES ORGANIQUES";"5";"DEMI  PRODUITS";"5";"PRODUITS CHIMIQUES ET PRODUITS CONNEXES, N.D.A.";"7441171";"8138295";"5889875";"33130732";"6075714";"9482448";"7201640";"5108020";"7658900";"8784838";"10470163";"9225213";
"30";"PRODUITS PHARMACEUTIQUES";"8";"PRODUITS FINIS DE CONSOMMATION";"5";"PRODUITS CHIMIQUES ET PRODUITS CONNEXES, N.D.A.";"227130";"385219";"389497";"508595";"512468";"358044";"432759";"555421";"581178";"432829";"463914";"571165";
"30";"PRODUITS PHARMACEUTIQUES";"5";"DEMI  PRODUITS";"5";"PRODUITS CHIMIQUES ET PRODUITS CONNEXES, N.D.A.";"190";"0";"138";"522";"0";"706";"3438";"0";"216";"0";"990";"31";
"31";"ENGRAIS";"5";"DEMI  PRODUITS";"5";"PRODUITS CHIMIQUES ET PRODUITS CONNEXES, N.D.A.";"442249423";"648598269";"329561981";"291199350";"355845402";"322785896";"273986315";"607825730";"500629873";"343485706";"224370910";"261040948";
"31";"ENGRAIS";"3";"PRODUITS BRUTS D'ORIGINE ANIMALE ET VEGETALE";"2";"MATIÈRES BRUTES NON COMESTIBLES À L'EXCEPTION DES CARBURANTS";"38040";"16649";"0";"0";"33410";"0";"23524";"7977";"5856";"11558";"18800";"4416";
"31";"ENGRAIS";"5";"DEMI  PRODUITS";"2";"MATIÈRES BRUTES NON COMESTIBLES À L'EXCEPTION DES CARBURANTS";"73753";"7113";"40006";"2385";"5810";"121500";"3";"30295";"40272";"609000";"5727";"4880";
"32";"EXTRAITS TANNANTS, MATIÈRES COLORANTES, PEINTURE, ENCRES";"5";"DEMI  PRODUITS";"8";"ARTICLES MANUFACTURÉS DIVERS";"7919";"17932";"36144";"16520";"7534";"10813";"9237";"12444";"7301";"4605";"7809";"9670";
"32";"EXTRAITS TANNANTS, MATIÈRES COLORANTES, PEINTURE, ENCRES";"8";"PRODUITS FINIS DE CONSOMMATION";"8";"ARTICLES MANUFACTURÉS DIVERS";"630";"16410";"3717";"1544";"2533";"3740";"4893";"20089";"3674";"3106";"2951";"7336";
"32";"EXTRAITS TANNANTS, MATIÈRES COLORANTES, PEINTURE, ENCRES";"5";"DEMI  PRODUITS";"5";"PRODUITS CHIMIQUES ET PRODUITS CONNEXES, N.D.A.";"3153408";"5015163";"5037487";"3653283";"5665772";"5420651";"5118889";"3991520";"5272200";"5144979";"5983891";"4935763";
"32";"EXTRAITS TANNANTS, MATIÈRES COLORANTES, PEINTURE, ENCRES";"8";"PRODUITS FINIS DE CONSOMMATION";"5";"PRODUITS CHIMIQUES ET PRODUITS CONNEXES, N.D.A.";"79836";"149071";"56919";"146920";"158489";"182889";"59717";"206201";"151577";"177246";"194586";"175619";
"33";"HUILES ESSENTIELLES, PRODUITS DE PARFUMERIE, PRÉPARATIONS COSMÉTIQUES";"5";"DEMI  PRODUITS";"5";"PRODUITS CHIMIQUES ET PRODUITS CONNEXES, N.D.A.";"271402";"267791";"248727";"198670";"298440";"320676";"169120";"178571";"214935";"280286";"286237";"272975";
"33";"HUILES ESSENTIELLES, PRODUITS DE PARFUMERIE, PRÉPARATIONS COSMÉTIQUES";"8";"PRODUITS FINIS DE CONSOMMATION";"5";"PRODUITS CHIMIQUES ET PRODUITS CONNEXES, N.D.A.";"1061928";"547541";"635334";"774704";"2021115";"1164671";"983691";"1480393";"742319";"1008928";"1232659";"945176";
"34";"SAVONS, CIRES PRÉPARÉES, PRODUITS D'ENTRETIEN";"8";"PRODUITS FINIS DE CONSOMMATION";"8";"ARTICLES MANUFACTURÉS DIVERS";"12896";"34527";"30631";"44888";"23722";"33915";"10230";"18051";"66412";"20858";"35723";"13989";
"34";"SAVONS, CIRES PRÉPARÉES, PRODUITS D'ENTRETIEN";"8";"PRODUITS FINIS DE CONSOMMATION";"5";"PRODUITS CHIMIQUES ET PRODUITS CONNEXES, N.D.A.";"2027139";"1831964";"1731131";"1917737";"3297188";"4395417";"2609456";"2473209";"21203064";"3000259";"4077939";"3828391";
"34";"SAVONS, CIRES PRÉPARÉES, PRODUITS D'ENTRETIEN";"5";"DEMI  PRODUITS";"5";"PRODUITS CHIMIQUES ET PRODUITS CONNEXES, N.D.A.";"347326";"263739";"353256";"160366";"289545";"255401";"308638";"268164";"356589";"288860";"420469";"334910";
"35";"MATIÈRES ALBUMINOÏDES, COLLES ET ENZYMES";"5";"DEMI  PRODUITS";"0";"PRODUITS ALIMENTAIRES ET ANIMAUX VIVANTS";"0";"0";"0";"0";"0";"0";"0";"0";"0";"0";"0";"0";
"35";"MATIÈRES ALBUMINOÏDES, COLLES ET ENZYMES";"5";"DEMI  PRODUITS";"5";"PRODUITS CHIMIQUES ET PRODUITS CONNEXES, N.D.A.";"407261";"618444";"299588";"244626";"547068";"438607";"480705";"387257";"545617";"542251";"366816";"356066";
"35";"MATIÈRES ALBUMINOÏDES, COLLES ET ENZYMES";"1";"ALIMENTATION, BOISSONS ET TABACS";"5";"PRODUITS CHIMIQUES ET PRODUITS CONNEXES, N.D.A.";"4880";"430";"1595";"151";"2360";"1675";"2326";"1050";"510";"4230";"1066";"1610";
"35";"MATIÈRES ALBUMINOÏDES, COLLES ET ENZYMES";"8";"PRODUITS FINIS DE CONSOMMATION";"5";"PRODUITS CHIMIQUES ET PRODUITS CONNEXES, N.D.A.";"245082";"387872";"376965";"150400";"298396";"318454";"478979";"301328";"365515";"323835";"256823";"380193";
"36";"POUDRES ET EXPLOSIFS, ARTICLES DE PYROTECHNIE, MATIÈRES INFLAMMABLES";"5";"DEMI  PRODUITS";"5";"PRODUITS CHIMIQUES ET PRODUITS CONNEXES, N.D.A.";"761852";"3799";"755344";"4479";"747584";"779289";"117";"4957";"89";"13067";"9585";"9";
"36";"POUDRES ET EXPLOSIFS, ARTICLES DE PYROTECHNIE, MATIÈRES INFLAMMABLES";"8";"PRODUITS FINIS DE CONSOMMATION";"8";"ARTICLES MANUFACTURÉS DIVERS";"152672";"27300";"15490";"8552";"36225";"27754";"144";"0";"27416";"101926";"746";"0";
"36";"POUDRES ET EXPLOSIFS, ARTICLES DE PYROTECHNIE, MATIÈRES INFLAMMABLES";"8";"PRODUITS FINIS DE CONSOMMATION";"5";"PRODUITS CHIMIQUES ET PRODUITS CONNEXES, N.D.A.";"0";"3564";"0";"469";"364";"0";"112";"4322";"218";"375";"0";"60";
"37";"PRODUITS PHOTOGRAPHIQUES OU CINÉMATOGRAPHIQUES";"8";"PRODUITS FINIS DE CONSOMMATION";"8";"ARTICLES MANUFACTURÉS DIVERS";"2121";"619";"830";"2042";"1487";"947";"2862";"1803";"3244";"2068";"4447";"3842";
"37";"PRODUITS PHOTOGRAPHIQUES OU CINÉMATOGRAPHIQUES";"5";"DEMI  PRODUITS";"8";"ARTICLES MANUFACTURÉS DIVERS";"245038";"185335";"288767";"177136";"450113";"211986";"227116";"245856";"225290";"387371";"318616";"358369";
"38";"PRODUITS DIVERS DES INDUSTRIES CHIMIQUES";"5";"DEMI  PRODUITS";"6";"ARTICLES MANUFACTURÉS CLASSÉS PRINCIPALEMENT D'APRÈS LA MATIÈRE PREMIÈRE";"250783";"288021";"49410";"29287";"553831";"173200";"153602";"124677";"70273";"250935";"125839";"182305";
"38";"PRODUITS DIVERS DES INDUSTRIES CHIMIQUES";"8";"PRODUITS FINIS DE CONSOMMATION";"5";"PRODUITS CHIMIQUES ET PRODUITS CONNEXES, N.D.A.";"0";"0";"211";"0";"0";"0";"0";"0";"0";"0";"3";"0";
"38";"PRODUITS DIVERS DES INDUSTRIES CHIMIQUES";"5";"DEMI  PRODUITS";"5";"PRODUITS CHIMIQUES ET PRODUITS CONNEXES, N.D.A.";"5143220";"4237013";"7353140";"4887289";"6103038";"7455120";"4587688";"6178247";"4590598";"6363835";"6204230";"6185284";
"38";"PRODUITS DIVERS DES INDUSTRIES CHIMIQUES";"3";"PRODUITS BRUTS D'ORIGINE ANIMALE ET VEGETALE";"5";"PRODUITS CHIMIQUES ET PRODUITS CONNEXES, N.D.A.";"83109";"112220";"79999";"30890";"120445";"101645";"66624";"1101974";"77766";"49313";"64663";"88680";
"39";"MATIÈRES PLASTIQUES ET OUVRAGES EN CES MATIÈRES";"7";"PRODUITS FINIS D'EQUIPEMENT INDUSTRIEL";"8";"ARTICLES MANUFACTURÉS DIVERS";"235";"6";"0";"1503";"406";"0";"2200";"1980";"188";"0";"1049";"730";
"39";"MATIÈRES PLASTIQUES ET OUVRAGES EN CES MATIÈRES";"5";"DEMI  PRODUITS";"8";"ARTICLES MANUFACTURÉS DIVERS";"261116";"289010";"137969";"390387";"242831";"136701";"124308";"116292";"147254";"209957";"162736";"248321";
"39";"MATIÈRES PLASTIQUES ET OUVRAGES EN CES MATIÈRES";"8";"PRODUITS FINIS DE CONSOMMATION";"5";"PRODUITS CHIMIQUES ET PRODUITS CONNEXES, N.D.A.";"100178";"123522";"129544";"139054";"131029";"161279";"180345";"235229";"165904";"188709";"197664";"152102";
"39";"MATIÈRES PLASTIQUES ET OUVRAGES EN CES MATIÈRES";"8";"PRODUITS FINIS DE CONSOMMATION";"8";"ARTICLES MANUFACTURÉS DIVERS";"2417226";"3453345";"2852471";"2661878";"3670250";"3801478";"3641316";"3379150";"3231271";"3467894";"3943214";"3866736";
"39";"MATIÈRES PLASTIQUES ET OUVRAGES EN CES MATIÈRES";"5";"DEMI  PRODUITS";"5";"PRODUITS CHIMIQUES ET PRODUITS CONNEXES, N.D.A.";"28439827";"26545020";"30268600";"22996200";"26429060";"27461828";"32890802";"25867821";"35977556";"28943899";"30518912";"34475273";
"40";"CAOUTCHOUC ET OUVRAGES EN CAOUTCHOUC";"5";"DEMI  PRODUITS";"2";"MATIÈRES BRUTES NON COMESTIBLES À L'EXCEPTION DES CARBURANTS";"1326";"14400";"0";"166";"2573";"0";"865";"209";"4913";"117";"557";"1336";
"40";"CAOUTCHOUC ET OUVRAGES EN CAOUTCHOUC";"3";"PRODUITS BRUTS D'ORIGINE ANIMALE ET VEGETALE";"2";"MATIÈRES BRUTES NON COMESTIBLES À L'EXCEPTION DES CARBURANTS";"1104859";"1490290";"789142";"829157";"1128042";"580018";"906307";"438916";"605789";"456648";"216492";"143654";
"40";"CAOUTCHOUC ET OUVRAGES EN CAOUTCHOUC";"4";"PRODUITS BRUTS D'ORIGINE MINERALE";"2";"MATIÈRES BRUTES NON COMESTIBLES À L'EXCEPTION DES CARBURANTS";"1188206";"1783190";"1081566";"940718";"836769";"711164";"894984";"867322";"273421";"410992";"731110";"396425";
"40";"CAOUTCHOUC ET OUVRAGES EN CAOUTCHOUC";"8";"PRODUITS FINIS DE CONSOMMATION";"6";"ARTICLES MANUFACTURÉS CLASSÉS PRINCIPALEMENT D'APRÈS LA MATIÈRE PREMIÈRE";"213630";"205760";"190948";"141009";"233037";"217303";"306213";"248464";"232803";"264835";"338539";"314450";
"40";"CAOUTCHOUC ET OUVRAGES EN CAOUTCHOUC";"5";"DEMI  PRODUITS";"6";"ARTICLES MANUFACTURÉS CLASSÉS PRINCIPALEMENT D'APRÈS LA MATIÈRE PREMIÈRE";"539817";"375529";"283591";"324025";"526430";"473037";"565042";"453589";"575141";"549449";"585221";"437972";
"40";"CAOUTCHOUC ET OUVRAGES EN CAOUTCHOUC";"7";"PRODUITS FINIS D'EQUIPEMENT INDUSTRIEL";"6";"ARTICLES MANUFACTURÉS CLASSÉS PRINCIPALEMENT D'APRÈS LA MATIÈRE PREMIÈRE";"2445925";"2961907";"2879912";"2267430";"3007123";"3162073";"2101541";"1387470";"1307912";"1539009";"2088087";"1764847";
"40";"CAOUTCHOUC ET OUVRAGES EN CAOUTCHOUC";"8";"PRODUITS FINIS DE CONSOMMATION";"8";"ARTICLES MANUFACTURÉS DIVERS";"25817";"25701";"14405";"4084";"36746";"40020";"45061";"26526";"37252";"20895";"53832";"20331";
"41";"PEAUX AUTRES QUE LA PELLETERIE ET CUIRS";"3";"PRODUITS BRUTS D'ORIGINE ANIMALE ET VEGETALE";"6";"ARTICLES MANUFACTURÉS CLASSÉS PRINCIPALEMENT D'APRÈS LA MATIÈRE PREMIÈRE";"0";"0";"0";"0";"0";"0";"136";"0";"0";"0";"12";"0";
"41";"PEAUX AUTRES QUE LA PELLETERIE ET CUIRS";"5";"DEMI  PRODUITS";"6";"ARTICLES MANUFACTURÉS CLASSÉS PRINCIPALEMENT D'APRÈS LA MATIÈRE PREMIÈRE";"625744";"898940";"847037";"898520";"1213987";"1425411";"1981355";"1323433";"1439523";"1932981";"1706692";"916757";
"41";"PEAUX AUTRES QUE LA PELLETERIE ET CUIRS";"3";"PRODUITS BRUTS D'ORIGINE ANIMALE ET VEGETALE";"2";"MATIÈRES BRUTES NON COMESTIBLES À L'EXCEPTION DES CARBURANTS";"8558";"452";"0";"0";"13250";"111117";"22118";"494";"9474";"55610";"34556";"29220";
"42";"OUVRAGES EN CUIRS, ARTICLES DE BOURRELLERIE, ARTICLES DE VOYAGE";"8";"PRODUITS FINIS DE CONSOMMATION";"8";"ARTICLES MANUFACTURÉS DIVERS";"236089";"275104";"304901";"270113";"341516";"459032";"414112";"421898";"345140";"287417";"495404";"501277";
"42";"OUVRAGES EN CUIRS, ARTICLES DE BOURRELLERIE, ARTICLES DE VOYAGE";"5";"DEMI  PRODUITS";"6";"ARTICLES MANUFACTURÉS CLASSÉS PRINCIPALEMENT D'APRÈS LA MATIÈRE PREMIÈRE";"1542";"124";"31";"506";"102";"727";"65";"134";"1035";"130";"529";"494";
"42";"OUVRAGES EN CUIRS, ARTICLES DE BOURRELLERIE, ARTICLES DE VOYAGE";"7";"PRODUITS FINIS D'EQUIPEMENT INDUSTRIEL";"6";"ARTICLES MANUFACTURÉS CLASSÉS PRINCIPALEMENT D'APRÈS LA MATIÈRE PREMIÈRE";"0";"0";"147";"709";"0";"190";"0";"0";"150";"0";"1121";"530";
"42";"OUVRAGES EN CUIRS, ARTICLES DE BOURRELLERIE, ARTICLES DE VOYAGE";"6";"PRODUITS FINIS D'EQUIPEMENT AGRICOLE";"6";"ARTICLES MANUFACTURÉS CLASSÉS PRINCIPALEMENT D'APRÈS LA MATIÈRE PREMIÈRE";"1040";"2648";"3707";"2844";"2679";"1794";"1935";"2967";"2321";"3468";"4656";"4445";
"42";"OUVRAGES EN CUIRS, ARTICLES DE BOURRELLERIE, ARTICLES DE VOYAGE";"7";"PRODUITS FINIS D'EQUIPEMENT INDUSTRIEL";"8";"ARTICLES MANUFACTURÉS DIVERS";"54534";"55053";"60184";"64133";"67892";"86768";"52242";"59328";"67942";"50547";"41405";"43051";
"42";"OUVRAGES EN CUIRS, ARTICLES DE BOURRELLERIE, ARTICLES DE VOYAGE";"8";"PRODUITS FINIS DE CONSOMMATION";"6";"ARTICLES MANUFACTURÉS CLASSÉS PRINCIPALEMENT D'APRÈS LA MATIÈRE PREMIÈRE";"4157";"14679";"9139";"20682";"15633";"10722";"9171";"21756";"21488";"19102";"19747";"24226";
"43";"PELLETERIES ET FOURRURES";"5";"DEMI  PRODUITS";"8";"ARTICLES MANUFACTURÉS DIVERS";"0";"2";"0";"0";"0";"0";"0";"8";"0";"0";"0";"0";
"43";"PELLETERIES ET FOURRURES";"8";"PRODUITS FINIS DE CONSOMMATION";"8";"ARTICLES MANUFACTURÉS DIVERS";"711";"843";"476";"348";"1630";"1440";"100";"189";"14";"152";"528";"6510";
"43";"PELLETERIES ET FOURRURES";"3";"PRODUITS BRUTS D'ORIGINE ANIMALE ET VEGETALE";"2";"MATIÈRES BRUTES NON COMESTIBLES À L'EXCEPTION DES CARBURANTS";"0";"0";"145";"0";"0";"482";"0";"0";"0";"0";"0";"0";
"43";"PELLETERIES ET FOURRURES";"5";"DEMI  PRODUITS";"6";"ARTICLES MANUFACTURÉS CLASSÉS PRINCIPALEMENT D'APRÈS LA MATIÈRE PREMIÈRE";"0";"0";"40";"100";"424";"698";"28";"792";"0";"2012";"1322";"824";
"44";"BOIS, CHARBON DE BOIS ET OUVRAGES EN BOIS";"3";"PRODUITS BRUTS D'ORIGINE ANIMALE ET VEGETALE";"2";"MATIÈRES BRUTES NON COMESTIBLES À L'EXCEPTION DES CARBURANTS";"108679864";"107606195";"63240546";"53665092";"149792207";"159162339";"69942409";"94494927";"64173184";"111576532";"44860041";"51645596";
"44";"BOIS, CHARBON DE BOIS ET OUVRAGES EN BOIS";"5";"DEMI  PRODUITS";"2";"MATIÈRES BRUTES NON COMESTIBLES À L'EXCEPTION DES CARBURANTS";"5500";"16436";"80275";"29996";"92697";"99084";"420071";"93564";"1671696";"1102624";"789590";"873352";
"44";"BOIS, CHARBON DE BOIS ET OUVRAGES EN BOIS";"8";"PRODUITS FINIS DE CONSOMMATION";"6";"ARTICLES MANUFACTURÉS CLASSÉS PRINCIPALEMENT D'APRÈS LA MATIÈRE PREMIÈRE";"254078";"254166";"295116";"300252";"253264";"314464";"273630";"279756";"349658";"538715";"316937";"336014";
"44";"BOIS, CHARBON DE BOIS ET OUVRAGES EN BOIS";"3";"PRODUITS BRUTS D'ORIGINE ANIMALE ET VEGETALE";"6";"ARTICLES MANUFACTURÉS CLASSÉS PRINCIPALEMENT D'APRÈS LA MATIÈRE PREMIÈRE";"24278";"65500";"36948";"4000";"21453";"46598";"44935";"86233";"29374";"8919";"107334";"12649";
"44";"BOIS, CHARBON DE BOIS ET OUVRAGES EN BOIS";"6";"PRODUITS FINIS D'EQUIPEMENT AGRICOLE";"6";"ARTICLES MANUFACTURÉS CLASSÉS PRINCIPALEMENT D'APRÈS LA MATIÈRE PREMIÈRE";"0";"0";"0";"23";"0";"0";"0";"0";"0";"0";"0";"0";
"44";"BOIS, CHARBON DE BOIS ET OUVRAGES EN BOIS";"7";"PRODUITS FINIS D'EQUIPEMENT INDUSTRIEL";"6";"ARTICLES MANUFACTURÉS CLASSÉS PRINCIPALEMENT D'APRÈS LA MATIÈRE PREMIÈRE";"0";"6169";"116";"3351";"26070";"16";"34631";"10726";"22202";"236";"229";"6954";
"44";"BOIS, CHARBON DE BOIS ET OUVRAGES EN BOIS";"5";"DEMI  PRODUITS";"6";"ARTICLES MANUFACTURÉS CLASSÉS PRINCIPALEMENT D'APRÈS LA MATIÈRE PREMIÈRE";"7279001";"9997075";"11492377";"4237789";"10503289";"9765253";"7944739";"12110864";"10629389";"5324787";"8060091";"4640509";
"45";"LIÈGE ET OUVRAGES EN LIÈGE";"3";"PRODUITS BRUTS D'ORIGINE ANIMALE ET VEGETALE";"2";"MATIÈRES BRUTES NON COMESTIBLES À L'EXCEPTION DES CARBURANTS";"1457214";"2407184";"2503141";"1042380";"2164053";"2092872";"693489";"662242";"610940";"549406";"1195831";"997547";
"45";"LIÈGE ET OUVRAGES EN LIÈGE";"5";"DEMI  PRODUITS";"6";"ARTICLES MANUFACTURÉS CLASSÉS PRINCIPALEMENT D'APRÈS LA MATIÈRE PREMIÈRE";"375365";"250497";"310419";"193440";"177929";"193960";"119174";"107999";"165033";"158171";"188572";"144249";
"46";"OUVRAGES DE SPARTERIE OU DE VANNERIE";"8";"PRODUITS FINIS DE CONSOMMATION";"8";"ARTICLES MANUFACTURÉS DIVERS";"143052";"172993";"138560";"183217";"157456";"141491";"151330";"149616";"145195";"153002";"185914";"152386";
"46";"OUVRAGES DE SPARTERIE OU DE VANNERIE";"5";"DEMI  PRODUITS";"8";"ARTICLES MANUFACTURÉS DIVERS";"555";"2174";"5908";"4459";"3100";"2283";"2951";"13337";"16488";"3644";"6597";"1680";
"47";"PÂTES DE BOIS OU D'AUTRES MATIÈRES FIBREUSES, CELLULOSIQUES";"3";"PRODUITS BRUTS D'ORIGINE ANIMALE ET VEGETALE";"2";"MATIÈRES BRUTES NON COMESTIBLES À L'EXCEPTION DES CARBURANTS";"26644347";"13071992";"18914223";"12189122";"19680115";"12974057";"15108601";"14462699";"7944112";"6029731";"4538500";"5170835";
"48";"PAPIERS ET CARTONS, OUVRAGES EN PÂTE DE CELLULOSE, EN PAPIER OU EN CARTON";"5";"DEMI  PRODUITS";"6";"ARTICLES MANUFACTURÉS CLASSÉS PRINCIPALEMENT D'APRÈS LA MATIÈRE PREMIÈRE";"34062938";"30445758";"28630005";"20029437";"57701009";"27231124";"31892566";"28076621";"27360657";"19256478";"22033755";"17339466";
"48";"PAPIERS ET CARTONS, OUVRAGES EN PÂTE DE CELLULOSE, EN PAPIER OU EN CARTON";"8";"PRODUITS FINIS DE CONSOMMATION";"6";"ARTICLES MANUFACTURÉS CLASSÉS PRINCIPALEMENT D'APRÈS LA MATIÈRE PREMIÈRE";"998494";"701567";"507922";"1280663";"1143784";"1238313";"691284";"763321";"1030450";"990032";"1078530";"1587225";
"48";"PAPIERS ET CARTONS, OUVRAGES EN PÂTE DE CELLULOSE, EN PAPIER OU EN CARTON";"5";"DEMI  PRODUITS";"8";"ARTICLES MANUFACTURÉS DIVERS";"159128";"208607";"253085";"196575";"287443";"230942";"267704";"168775";"224209";"247358";"264206";"269647";
"49";"PRODUITS DE L¿ÉDITION, DE LA PRESSE ET AUTRES INDUSTRIES GRAPHIQUES";"5";"DEMI  PRODUITS";"8";"ARTICLES MANUFACTURÉS DIVERS";"37347";"33292";"18542";"8431";"24811";"24160";"25509";"22609";"37971";"19281";"19417";"16038";
"49";"PRODUITS DE L¿ÉDITION, DE LA PRESSE ET AUTRES INDUSTRIES GRAPHIQUES";"8";"PRODUITS FINIS DE CONSOMMATION";"8";"ARTICLES MANUFACTURÉS DIVERS";"787989";"1254653";"1146597";"892716";"2026374";"1679149";"759667";"973278";"1149867";"863254";"1177062";"1365865";
"50";"SOIE";"8";"PRODUITS FINIS DE CONSOMMATION";"6";"ARTICLES MANUFACTURÉS CLASSÉS PRINCIPALEMENT D'APRÈS LA MATIÈRE PREMIÈRE";"1446";"2390";"2633";"8045";"8080";"71041";"15918";"9696";"6505";"10039";"6105";"10354";
"50";"SOIE";"5";"DEMI  PRODUITS";"6";"ARTICLES MANUFACTURÉS CLASSÉS PRINCIPALEMENT D'APRÈS LA MATIÈRE PREMIÈRE";"0";"23";"4";"64";"0";"75";"18";"2";"6";"8";"24";"496";
"51";"LAINE, POILS FINS OU GROSSIERS, FILS ET TISSUS DE CRIN";"3";"PRODUITS BRUTS D'ORIGINE ANIMALE ET VEGETALE";"2";"MATIÈRES BRUTES NON COMESTIBLES À L'EXCEPTION DES CARBURANTS";"449040";"614888";"454786";"552020";"807920";"708625";"716780";"382716";"571891";"523906";"530850";"444059";
"51";"LAINE, POILS FINS OU GROSSIERS, FILS ET TISSUS DE CRIN";"5";"DEMI  PRODUITS";"6";"ARTICLES MANUFACTURÉS CLASSÉS PRINCIPALEMENT D'APRÈS LA MATIÈRE PREMIÈRE";"28399";"32081";"93108";"159869";"246546";"274624";"26960";"39962";"124312";"132526";"151744";"104004";
"51";"LAINE, POILS FINS OU GROSSIERS, FILS ET TISSUS DE CRIN";"8";"PRODUITS FINIS DE CONSOMMATION";"6";"ARTICLES MANUFACTURÉS CLASSÉS PRINCIPALEMENT D'APRÈS LA MATIÈRE PREMIÈRE";"208196";"155181";"404537";"467920";"938541";"903888";"215839";"180035";"247786";"398828";"827527";"889355";
"52";"COTON";"3";"PRODUITS BRUTS D'ORIGINE ANIMALE ET VEGETALE";"2";"MATIÈRES BRUTES NON COMESTIBLES À L'EXCEPTION DES CARBURANTS";"4270720";"4055956";"4780551";"5356040";"7983691";"5838980";"6361643";"4652449";"5107439";"8255281";"4295032";"6835575";
"52";"COTON";"5";"DEMI  PRODUITS";"6";"ARTICLES MANUFACTURÉS CLASSÉS PRINCIPALEMENT D'APRÈS LA MATIÈRE PREMIÈRE";"1702152";"1744987";"1749025";"1665384";"1883133";"1746290";"2005528";"1699711";"2375915";"2500518";"2757428";"3286190";
"52";"COTON";"8";"PRODUITS FINIS DE CONSOMMATION";"6";"ARTICLES MANUFACTURÉS CLASSÉS PRINCIPALEMENT D'APRÈS LA MATIÈRE PREMIÈRE";"6800627";"8587764";"8140170";"8364838";"10669492";"10051619";"10811589";"9915763";"9078105";"10916647";"12982462";"12236036";
"53";"AUTRES FIBRES TEXTILES VÉGÉTALES, FILS ET TISSUS DE PAPIER";"3";"PRODUITS BRUTS D'ORIGINE ANIMALE ET VEGETALE";"2";"MATIÈRES BRUTES NON COMESTIBLES À L'EXCEPTION DES CARBURANTS";"153876";"718835";"102264";"84724";"124691";"159372";"146810";"76061";"59636";"54374";"875694";"94659";
"53";"AUTRES FIBRES TEXTILES VÉGÉTALES, FILS ET TISSUS DE PAPIER";"5";"DEMI  PRODUITS";"6";"ARTICLES MANUFACTURÉS CLASSÉS PRINCIPALEMENT D'APRÈS LA MATIÈRE PREMIÈRE";"476591";"252055";"370424";"337999";"162216";"62495";"81788";"96019";"306661";"326482";"235659";"249983";
"53";"AUTRES FIBRES TEXTILES VÉGÉTALES, FILS ET TISSUS DE PAPIER";"8";"PRODUITS FINIS DE CONSOMMATION";"6";"ARTICLES MANUFACTURÉS CLASSÉS PRINCIPALEMENT D'APRÈS LA MATIÈRE PREMIÈRE";"382324";"371771";"346173";"208367";"196547";"90389";"385119";"279731";"202489";"216833";"100411";"90019";
"54";"FILAMENTS SYNTHÉTIQUES OU ARTIFICIELS";"8";"PRODUITS FINIS DE CONSOMMATION";"6";"ARTICLES MANUFACTURÉS CLASSÉS PRINCIPALEMENT D'APRÈS LA MATIÈRE PREMIÈRE";"798953";"909456";"1047302";"958257";"1409046";"1521966";"1236603";"1146743";"1294239";"1491705";"1825191";"1749347";
"54";"FILAMENTS SYNTHÉTIQUES OU ARTIFICIELS";"5";"DEMI  PRODUITS";"6";"ARTICLES MANUFACTURÉS CLASSÉS PRINCIPALEMENT D'APRÈS LA MATIÈRE PREMIÈRE";"2490029";"1971106";"2303442";"1062480";"1968363";"1749528";"2518760";"3101177";"1814450";"2066493";"2947885";"2295589";
"55";"FIBRES SYNTHÉTIQUES OU ARTIFICIELLES DISCONTINUES";"5";"DEMI  PRODUITS";"6";"ARTICLES MANUFACTURÉS CLASSÉS PRINCIPALEMENT D'APRÈS LA MATIÈRE PREMIÈRE";"1380859";"1527330";"2109780";"1803034";"2048441";"1944150";"1366538";"1601347";"2276046";"2378011";"2485582";"2066002";
"55";"FIBRES SYNTHÉTIQUES OU ARTIFICIELLES DISCONTINUES";"3";"PRODUITS BRUTS D'ORIGINE ANIMALE ET VEGETALE";"2";"MATIÈRES BRUTES NON COMESTIBLES À L'EXCEPTION DES CARBURANTS";"761344";"409960";"565259";"278686";"378136";"206194";"511366";"385807";"796368";"513870";"835153";"436065";
"55";"FIBRES SYNTHÉTIQUES OU ARTIFICIELLES DISCONTINUES";"4";"PRODUITS BRUTS D'ORIGINE MINERALE";"2";"MATIÈRES BRUTES NON COMESTIBLES À L'EXCEPTION DES CARBURANTS";"5693676";"4370451";"5174842";"4337340";"4358000";"5317121";"5251149";"5178767";"4421973";"5965838";"3868134";"6450872";
"55";"FIBRES SYNTHÉTIQUES OU ARTIFICIELLES DISCONTINUES";"8";"PRODUITS FINIS DE CONSOMMATION";"6";"ARTICLES MANUFACTURÉS CLASSÉS PRINCIPALEMENT D'APRÈS LA MATIÈRE PREMIÈRE";"3986647";"5315144";"5165869";"4797793";"6715860";"6183352";"6291218";"5541653";"5117654";"5498688";"6291633";"6509700";
"56";"OUATES, FEUTRES ET NON-TISSÉS ARTICLES DE CORDERIE";"8";"PRODUITS FINIS DE CONSOMMATION";"6";"ARTICLES MANUFACTURÉS CLASSÉS PRINCIPALEMENT D'APRÈS LA MATIÈRE PREMIÈRE";"488320";"752199";"584854";"503451";"770574";"903319";"719736";"622760";"636459";"752368";"887843";"1232937";
"56";"OUATES, FEUTRES ET NON-TISSÉS ARTICLES DE CORDERIE";"7";"PRODUITS FINIS D'EQUIPEMENT INDUSTRIEL";"6";"ARTICLES MANUFACTURÉS CLASSÉS PRINCIPALEMENT D'APRÈS LA MATIÈRE PREMIÈRE";"150154";"61125";"173860";"195692";"124662";"110165";"110549";"57352";"82279";"121148";"124569";"84636";
"56";"OUATES, FEUTRES ET NON-TISSÉS ARTICLES DE CORDERIE";"5";"DEMI  PRODUITS";"6";"ARTICLES MANUFACTURÉS CLASSÉS PRINCIPALEMENT D'APRÈS LA MATIÈRE PREMIÈRE";"595937";"521365";"631394";"657107";"824238";"757413";"439421";"384631";"593345";"739422";"546111";"830923";
"57";"TAPIS, AUTRES REVÊTEMENTS DE SOL EN MATIÈRES TEXTILES";"5";"DEMI  PRODUITS";"6";"ARTICLES MANUFACTURÉS CLASSÉS PRINCIPALEMENT D'APRÈS LA MATIÈRE PREMIÈRE";"55638";"81224";"60997";"73278";"78199";"61878";"60653";"78880";"45199";"79029";"38403";"50914";
"57";"TAPIS, AUTRES REVÊTEMENTS DE SOL EN MATIÈRES TEXTILES";"8";"PRODUITS FINIS DE CONSOMMATION";"6";"ARTICLES MANUFACTURÉS CLASSÉS PRINCIPALEMENT D'APRÈS LA MATIÈRE PREMIÈRE";"380569";"316879";"519677";"343757";"317160";"456344";"235210";"494256";"342985";"344893";"348457";"371915";
"58";"TISSUS SPÉCIAUX, DENTELLES, TAPISSERIES, BRODERIES";"8";"PRODUITS FINIS DE CONSOMMATION";"6";"ARTICLES MANUFACTURÉS CLASSÉS PRINCIPALEMENT D'APRÈS LA MATIÈRE PREMIÈRE";"404734";"541756";"671433";"690530";"1031671";"1039487";"494913";"620643";"624195";"914987";"1158714";"1157297";
"58";"TISSUS SPÉCIAUX, DENTELLES, TAPISSERIES, BRODERIES";"5";"DEMI  PRODUITS";"6";"ARTICLES MANUFACTURÉS CLASSÉS PRINCIPALEMENT D'APRÈS LA MATIÈRE PREMIÈRE";"184687";"282759";"288317";"274996";"336225";"289671";"256758";"212466";"251372";"293892";"283813";"313385";
"59";"TISSUS IMPRÉGNÉS, ENDUITS, RECOUVERTS OU STRATIFIÉS";"7";"PRODUITS FINIS D'EQUIPEMENT INDUSTRIEL";"6";"ARTICLES MANUFACTURÉS CLASSÉS PRINCIPALEMENT D'APRÈS LA MATIÈRE PREMIÈRE";"2109";"3999";"224";"1728";"1724";"4006";"15279";"11683";"12125";"9152";"1528";"1425";
"59";"TISSUS IMPRÉGNÉS, ENDUITS, RECOUVERTS OU STRATIFIÉS";"8";"PRODUITS FINIS DE CONSOMMATION";"6";"ARTICLES MANUFACTURÉS CLASSÉS PRINCIPALEMENT D'APRÈS LA MATIÈRE PREMIÈRE";"371186";"189972";"406705";"167726";"325063";"299994";"415714";"70080";"22873";"40758";"17725";"72966";
"59";"TISSUS IMPRÉGNÉS, ENDUITS, RECOUVERTS OU STRATIFIÉS";"5";"DEMI  PRODUITS";"6";"ARTICLES MANUFACTURÉS CLASSÉS PRINCIPALEMENT D'APRÈS LA MATIÈRE PREMIÈRE";"365373";"575015";"476132";"420510";"597608";"662397";"600171";"554628";"505234";"670645";"854415";"1104920";
"60";"ETOFFES DE BONNETERIE";"8";"PRODUITS FINIS DE CONSOMMATION";"6";"ARTICLES MANUFACTURÉS CLASSÉS PRINCIPALEMENT D'APRÈS LA MATIÈRE PREMIÈRE";"1626265";"1828195";"2217308";"2545428";"3554597";"3336562";"1966799";"2028524";"2119192";"3240095";"3686469";"3155781";
"61";"VÊTEMENTS ET ACCESSOIRES DU VÊTEMENT EN BONNETERIE";"8";"PRODUITS FINIS DE CONSOMMATION";"8";"ARTICLES MANUFACTURÉS DIVERS";"8240424";"10359106";"9339098";"9357575";"11352388";"13015429";"11541389";"10887275";"10419949";"9936875";"12076799";"13778738";
"62";"VÊTEMENTS ET ACCESSOIRES DU VÊTEMENT AUTRES QU'EN BONNETERIE";"8";"PRODUITS FINIS DE CONSOMMATION";"8";"ARTICLES MANUFACTURÉS DIVERS";"12792082";"15300298";"13822081";"14348291";"13726853";"15767992";"15574156";"15300305";"16728819";"15069182";"14808875";"17089654";
"63";"AUTRES ARTICLES TEXTILES CONFECTIONNÉS, FRIPERIE ET CHIFFONS";"8";"PRODUITS FINIS DE CONSOMMATION";"6";"ARTICLES MANUFACTURÉS CLASSÉS PRINCIPALEMENT D'APRÈS LA MATIÈRE PREMIÈRE";"754343";"556073";"539264";"538582";"631197";"524690";"653655";"661044";"601556";"856331";"788680";"753260";
"63";"AUTRES ARTICLES TEXTILES CONFECTIONNÉS, FRIPERIE ET CHIFFONS";"8";"PRODUITS FINIS DE CONSOMMATION";"7";"MACHINES ET MATÉRIEL DE TRANSPORT";"0";"443";"0";"56";"0";"0";"0";"0";"11";"0";"30";"0";
"63";"AUTRES ARTICLES TEXTILES CONFECTIONNÉS, FRIPERIE ET CHIFFONS";"5";"DEMI  PRODUITS";"6";"ARTICLES MANUFACTURÉS CLASSÉS PRINCIPALEMENT D'APRÈS LA MATIÈRE PREMIÈRE";"0";"248";"650";"0";"0";"5";"0";"0";"0";"39";"0";"90";
"63";"AUTRES ARTICLES TEXTILES CONFECTIONNÉS, FRIPERIE ET CHIFFONS";"7";"PRODUITS FINIS D'EQUIPEMENT INDUSTRIEL";"6";"ARTICLES MANUFACTURÉS CLASSÉS PRINCIPALEMENT D'APRÈS LA MATIÈRE PREMIÈRE";"320113";"182107";"4926";"41702";"21600";"24794";"385195";"105090";"80796";"63378";"86064";"79535";
"63";"AUTRES ARTICLES TEXTILES CONFECTIONNÉS, FRIPERIE ET CHIFFONS";"3";"PRODUITS BRUTS D'ORIGINE ANIMALE ET VEGETALE";"2";"MATIÈRES BRUTES NON COMESTIBLES À L'EXCEPTION DES CARBURANTS";"390914";"1852773";"1507266";"1288505";"1452309";"1002353";"1241770";"1438858";"1439496";"1154817";"1008716";"770385";
"63";"AUTRES ARTICLES TEXTILES CONFECTIONNÉS, FRIPERIE ET CHIFFONS";"5";"DEMI  PRODUITS";"2";"MATIÈRES BRUTES NON COMESTIBLES À L'EXCEPTION DES CARBURANTS";"0";"1340";"40";"120";"470";"0";"0";"0";"0";"2426";"0";"0";
"64";"CHAUSSURES, GUÊTRES ET ARTICLES ANALOGUES";"5";"DEMI  PRODUITS";"8";"ARTICLES MANUFACTURÉS DIVERS";"915672";"1019204";"854884";"1006981";"1285997";"1388554";"1021134";"974149";"848378";"853317";"1117485";"1317813";
"64";"CHAUSSURES, GUÊTRES ET ARTICLES ANALOGUES";"8";"PRODUITS FINIS DE CONSOMMATION";"8";"ARTICLES MANUFACTURÉS DIVERS";"1849904";"2154487";"1759191";"1415434";"1503101";"1997547";"1906826";"2103800";"2003410";"1844792";"1871230";"2087952";
"65";"COIFFURES ET PARTIES DE COIFFURES";"8";"PRODUITS FINIS DE CONSOMMATION";"6";"ARTICLES MANUFACTURÉS CLASSÉS PRINCIPALEMENT D'APRÈS LA MATIÈRE PREMIÈRE";"0";"240";"0";"120";"0";"0";"120";"0";"0";"0";"0";"0";
"65";"COIFFURES ET PARTIES DE COIFFURES";"8";"PRODUITS FINIS DE CONSOMMATION";"8";"ARTICLES MANUFACTURÉS DIVERS";"8413";"7985";"11371";"4146";"3138";"12420";"11308";"8791";"14877";"27898";"14221";"19672";
"65";"COIFFURES ET PARTIES DE COIFFURES";"5";"DEMI  PRODUITS";"8";"ARTICLES MANUFACTURÉS DIVERS";"10006";"6908";"9830";"11716";"6672";"8181";"6006";"4822";"5678";"5004";"6320";"4302";
"65";"COIFFURES ET PARTIES DE COIFFURES";"5";"DEMI  PRODUITS";"6";"ARTICLES MANUFACTURÉS CLASSÉS PRINCIPALEMENT D'APRÈS LA MATIÈRE PREMIÈRE";"0";"1652";"0";"513";"0";"0";"0";"0";"109";"1004";"892";"0";
"66";"PARAPLUIES, PARASOLS, CANNES, SIÈGES, FOUETS, CRAVACHES";"8";"PRODUITS FINIS DE CONSOMMATION";"8";"ARTICLES MANUFACTURÉS DIVERS";"294";"935";"21740";"6688";"36559";"73546";"1189";"30054";"26897";"56636";"24641";"36443";
"66";"PARAPLUIES, PARASOLS, CANNES, SIÈGES, FOUETS, CRAVACHES";"5";"DEMI  PRODUITS";"8";"ARTICLES MANUFACTURÉS DIVERS";"0";"310";"23257";"0";"50517";"12002";"23594";"1275";"0";"46449";"20250";"15800";
"67";"PLUMES, DUVETS APPRÊTÉS, FLEURS ARTIFICIELLES";"5";"DEMI  PRODUITS";"8";"ARTICLES MANUFACTURÉS DIVERS";"0";"0";"0";"0";"0";"222";"0";"0";"188";"0";"176";"0";
"67";"PLUMES, DUVETS APPRÊTÉS, FLEURS ARTIFICIELLES";"8";"PRODUITS FINIS DE CONSOMMATION";"8";"ARTICLES MANUFACTURÉS DIVERS";"22968";"45727";"219253";"17925";"10998";"63659";"69513";"37381";"24671";"42667";"43833";"40413";
"68";"OUVRAGES EN PIERRES, PLÂTRE, CIMENT, AMIANTE, MICA";"5";"DEMI  PRODUITS";"6";"ARTICLES MANUFACTURÉS CLASSÉS PRINCIPALEMENT D'APRÈS LA MATIÈRE PREMIÈRE";"2628971";"2032459";"2675198";"1578187";"3579899";"3099838";"2237985";"3649555";"2459492";"2742738";"2713424";"2882182";
"68";"OUVRAGES EN PIERRES, PLÂTRE, CIMENT, AMIANTE, MICA";"8";"PRODUITS FINIS DE CONSOMMATION";"6";"ARTICLES MANUFACTURÉS CLASSÉS PRINCIPALEMENT D'APRÈS LA MATIÈRE PREMIÈRE";"733882";"699878";"819318";"619898";"1128625";"1157271";"1474981";"1218693";"1696722";"1639264";"1886835";"1648141";
"69";"PRODUITS CÉRAMIQUES";"8";"PRODUITS FINIS DE CONSOMMATION";"6";"ARTICLES MANUFACTURÉS CLASSÉS PRINCIPALEMENT D'APRÈS LA MATIÈRE PREMIÈRE";"1715372";"3368325";"1992295";"1137576";"1715800";"1878033";"1720193";"1691557";"1065381";"867106";"1804048";"1829133";
"69";"PRODUITS CÉRAMIQUES";"8";"PRODUITS FINIS DE CONSOMMATION";"8";"ARTICLES MANUFACTURÉS DIVERS";"2888971";"3389992";"3565576";"2822098";"3987385";"3196900";"3252667";"3122867";"3686875";"3631852";"4318174";"3979320";
"69";"PRODUITS CÉRAMIQUES";"5";"DEMI  PRODUITS";"6";"ARTICLES MANUFACTURÉS CLASSÉS PRINCIPALEMENT D'APRÈS LA MATIÈRE PREMIÈRE";"5655685";"8284451";"8614544";"5903504";"15402465";"9868150";"9561167";"8304656";"8738353";"8102492";"11997678";"9424844";
"70";"VERRE ET OUVRAGES EN VERRE";"7";"PRODUITS FINIS D'EQUIPEMENT INDUSTRIEL";"6";"ARTICLES MANUFACTURÉS CLASSÉS PRINCIPALEMENT D'APRÈS LA MATIÈRE PREMIÈRE";"34200";"65127";"22904";"20578";"19218";"31148";"39511";"24622";"47062";"26889";"25046";"39006";
"70";"VERRE ET OUVRAGES EN VERRE";"5";"DEMI  PRODUITS";"6";"ARTICLES MANUFACTURÉS CLASSÉS PRINCIPALEMENT D'APRÈS LA MATIÈRE PREMIÈRE";"5765165";"3524813";"5151642";"5387378";"8006248";"5128032";"3796763";"9274110";"6960315";"3843596";"4875877";"6145244";
"70";"VERRE ET OUVRAGES EN VERRE";"8";"PRODUITS FINIS DE CONSOMMATION";"6";"ARTICLES MANUFACTURÉS CLASSÉS PRINCIPALEMENT D'APRÈS LA MATIÈRE PREMIÈRE";"1094746";"861690";"1317704";"622368";"1385258";"4440004";"977425";"757649";"1077271";"978549";"1431155";"1762937";
"71";"PERLES FINES, PIERRES GEMMES ET MÉTAUX PRÉCIEUX, PLAQUÉS";"9";"OR INDUSTRIEL ";"9";"ARTICLES ET OPÉRATIONS NON CLASSÉS AILLEURS DANS LA CTCI";"0";"37";"6";"98";"0";"54";"125";"75";"54";"111";"91";"813";
"71";"PERLES FINES, PIERRES GEMMES ET MÉTAUX PRÉCIEUX, PLAQUÉS";"5";"DEMI  PRODUITS";"2";"MATIÈRES BRUTES NON COMESTIBLES À L'EXCEPTION DES CARBURANTS";"0";"0";"0";"0";"0";"0";"0";"0";"0";"0";"0";"0";
"71";"PERLES FINES, PIERRES GEMMES ET MÉTAUX PRÉCIEUX, PLAQUÉS";"5";"DEMI  PRODUITS";"9";"ARTICLES ET OPÉRATIONS NON CLASSÉS AILLEURS DANS LA CTCI";"0";"0";"0";"0";"0";"0";"0";"0";"2";"0";"0";"0";
"71";"PERLES FINES, PIERRES GEMMES ET MÉTAUX PRÉCIEUX, PLAQUÉS";"8";"PRODUITS FINIS DE CONSOMMATION";"8";"ARTICLES MANUFACTURÉS DIVERS";"5829";"12327";"3746";"5206";"8711";"15209";"5074";"8102";"25350";"52894";"44134";"13835";
"71";"PERLES FINES, PIERRES GEMMES ET MÉTAUX PRÉCIEUX, PLAQUÉS";"5";"DEMI  PRODUITS";"8";"ARTICLES MANUFACTURÉS DIVERS";"0";"0";"24";"0";"0";"0";"6";"0";"10";"62";"69";"55";
"71";"PERLES FINES, PIERRES GEMMES ET MÉTAUX PRÉCIEUX, PLAQUÉS";"8";"PRODUITS FINIS DE CONSOMMATION";"6";"ARTICLES MANUFACTURÉS CLASSÉS PRINCIPALEMENT D'APRÈS LA MATIÈRE PREMIÈRE";"6";"4";"2";"5";"55";"62";"3";"9";"6";"7";"4591";"14";
"71";"PERLES FINES, PIERRES GEMMES ET MÉTAUX PRÉCIEUX, PLAQUÉS";"4";"PRODUITS BRUTS D'ORIGINE MINERALE";"2";"MATIÈRES BRUTES NON COMESTIBLES À L'EXCEPTION DES CARBURANTS";"4";"0";"4";"4";"0";"0";"2";"4800";"0";"0";"0";"2";
"71";"PERLES FINES, PIERRES GEMMES ET MÉTAUX PRÉCIEUX, PLAQUÉS";"8";"PRODUITS FINIS DE CONSOMMATION";"II";"PIÈCES D'OR ET PIÈCES AYANT COURS";"0";"0";"14";"0";"0";"0";"0";"0";"0";"0";"13440";"26880";
"71";"PERLES FINES, PIERRES GEMMES ET MÉTAUX PRÉCIEUX, PLAQUÉS";"5";"DEMI  PRODUITS";"6";"ARTICLES MANUFACTURÉS CLASSÉS PRINCIPALEMENT D'APRÈS LA MATIÈRE PREMIÈRE";"39464";"157106";"47701";"42945";"45527";"61181";"26377";"35718";"41427";"45104";"43237";"83805";
"72";"FONTE, FER ET ACIER";"4";"PRODUITS BRUTS D'ORIGINE MINERALE";"2";"MATIÈRES BRUTES NON COMESTIBLES À L'EXCEPTION DES CARBURANTS";"10514940";"10944750";"8339170";"13338550";"22901720";"20950870";"11406845";"18102954";"8195002";"12692380";"25951187";"24513876";
"72";"FONTE, FER ET ACIER";"5";"DEMI  PRODUITS";"6";"ARTICLES MANUFACTURÉS CLASSÉS PRINCIPALEMENT D'APRÈS LA MATIÈRE PREMIÈRE";"85182561";"150573668";"111173786";"145791939";"114584763";"107909495";"104257086";"94502405";"132608197";"169495082";"113191432";"131193899";
"73";"OUVRAGES EN FONTE, FER OU ACIER";"5";"DEMI  PRODUITS";"6";"ARTICLES MANUFACTURÉS CLASSÉS PRINCIPALEMENT D'APRÈS LA MATIÈRE PREMIÈRE";"3919321";"4126574";"3640617";"4045215";"6532594";"5459803";"4179207";"4445344";"6082015";"5249621";"7380076";"4351885";
"73";"OUVRAGES EN FONTE, FER OU ACIER";"8";"PRODUITS FINIS DE CONSOMMATION";"6";"ARTICLES MANUFACTURÉS CLASSÉS PRINCIPALEMENT D'APRÈS LA MATIÈRE PREMIÈRE";"5618852";"4576395";"2306580";"1552550";"1986685";"1942404";"6357470";"2293144";"2167283";"1622152";"3054408";"2370908";
"73";"OUVRAGES EN FONTE, FER OU ACIER";"7";"PRODUITS FINIS D'EQUIPEMENT INDUSTRIEL";"6";"ARTICLES MANUFACTURÉS CLASSÉS PRINCIPALEMENT D'APRÈS LA MATIÈRE PREMIÈRE";"6988211";"2481373";"2084140";"1692009";"3573762";"18064907";"1484919";"3182173";"469852";"2233073";"1040259";"2390583";
"73";"OUVRAGES EN FONTE, FER OU ACIER";"5";"DEMI  PRODUITS";"7";"MACHINES ET MATÉRIEL DE TRANSPORT";"89345";"28341";"49053";"98884";"57275";"22350";"66134";"40591";"32411";"49542";"22015";"45842";
"73";"OUVRAGES EN FONTE, FER OU ACIER";"8";"PRODUITS FINIS DE CONSOMMATION";"8";"ARTICLES MANUFACTURÉS DIVERS";"21749";"21770";"37630";"102122";"6606";"38801";"10051";"46315";"37254";"76864";"1329";"56912";
"74";"CUIVRE ET OUVRAGES EN CUIVRE";"7";"PRODUITS FINIS D'EQUIPEMENT INDUSTRIEL";"6";"ARTICLES MANUFACTURÉS CLASSÉS PRINCIPALEMENT D'APRÈS LA MATIÈRE PREMIÈRE";"0";"0";"296";"340";"0";"38";"118";"131";"0";"120";"118";"86";
"74";"CUIVRE ET OUVRAGES EN CUIVRE";"5";"DEMI  PRODUITS";"6";"ARTICLES MANUFACTURÉS CLASSÉS PRINCIPALEMENT D'APRÈS LA MATIÈRE PREMIÈRE";"2722273";"2478072";"3427650";"2051834";"2754402";"3910370";"2400528";"2940868";"3600444";"2356958";"2521437";"3218690";
"74";"CUIVRE ET OUVRAGES EN CUIVRE";"4";"PRODUITS BRUTS D'ORIGINE MINERALE";"2";"MATIÈRES BRUTES NON COMESTIBLES À L'EXCEPTION DES CARBURANTS";"1068670";"1147684";"1502370";"848503";"1651271";"1225008";"1185624";"1214990";"1076622";"1003413";"1511272";"976305";
"74";"CUIVRE ET OUVRAGES EN CUIVRE";"8";"PRODUITS FINIS DE CONSOMMATION";"6";"ARTICLES MANUFACTURÉS CLASSÉS PRINCIPALEMENT D'APRÈS LA MATIÈRE PREMIÈRE";"33925";"62780";"83212";"43381";"70286";"84691";"51483";"48147";"59571";"50413";"72435";"52650";
"75";"NICKEL ET OUVRAGES EN NICKEL";"4";"PRODUITS BRUTS D'ORIGINE MINERALE";"6";"ARTICLES MANUFACTURÉS CLASSÉS PRINCIPALEMENT D'APRÈS LA MATIÈRE PREMIÈRE";"13";"0";"0";"0";"4";"0";"0";"0";"0";"0";"0";"0";
"75";"NICKEL ET OUVRAGES EN NICKEL";"5";"DEMI  PRODUITS";"2";"MATIÈRES BRUTES NON COMESTIBLES À L'EXCEPTION DES CARBURANTS";"0";"0";"0";"0";"1000";"600";"0";"0";"0";"0";"0";"0";
"75";"NICKEL ET OUVRAGES EN NICKEL";"8";"PRODUITS FINIS DE CONSOMMATION";"6";"ARTICLES MANUFACTURÉS CLASSÉS PRINCIPALEMENT D'APRÈS LA MATIÈRE PREMIÈRE";"186";"12";"200";"91";"2307";"256";"165";"610";"279";"20";"136";"2238";
"75";"NICKEL ET OUVRAGES EN NICKEL";"4";"PRODUITS BRUTS D'ORIGINE MINERALE";"2";"MATIÈRES BRUTES NON COMESTIBLES À L'EXCEPTION DES CARBURANTS";"0";"46521";"0";"0";"20732";"92630";"0";"0";"0";"0";"42492";"61684";
"75";"NICKEL ET OUVRAGES EN NICKEL";"5";"DEMI  PRODUITS";"6";"ARTICLES MANUFACTURÉS CLASSÉS PRINCIPALEMENT D'APRÈS LA MATIÈRE PREMIÈRE";"4363";"12457";"6858";"1310";"8479";"6168";"16903";"14811";"13044";"10185";"19464";"7655";
"76";"ALUMINIUM ET OUVRAGES EN ALUMINIUM";"7";"PRODUITS FINIS D'EQUIPEMENT INDUSTRIEL";"6";"ARTICLES MANUFACTURÉS CLASSÉS PRINCIPALEMENT D'APRÈS LA MATIÈRE PREMIÈRE";"52262";"158810";"487725";"29471";"119365";"166210";"137043";"84210";"85620";"139352";"214699";"262867";
"76";"ALUMINIUM ET OUVRAGES EN ALUMINIUM";"5";"DEMI  PRODUITS";"6";"ARTICLES MANUFACTURÉS CLASSÉS PRINCIPALEMENT D'APRÈS LA MATIÈRE PREMIÈRE";"2335965";"2421634";"2595284";"2192530";"2736698";"2528404";"3499686";"2455300";"2920055";"2704304";"2861990";"2659857";
"76";"ALUMINIUM ET OUVRAGES EN ALUMINIUM";"4";"PRODUITS BRUTS D'ORIGINE MINERALE";"2";"MATIÈRES BRUTES NON COMESTIBLES À L'EXCEPTION DES CARBURANTS";"562147";"850922";"844738";"399947";"777388";"530263";"613329";"770085";"783350";"873914";"880946";"724964";
"76";"ALUMINIUM ET OUVRAGES EN ALUMINIUM";"8";"PRODUITS FINIS DE CONSOMMATION";"6";"ARTICLES MANUFACTURÉS CLASSÉS PRINCIPALEMENT D'APRÈS LA MATIÈRE PREMIÈRE";"85112";"77965";"118618";"117384";"87286";"80645";"125060";"109408";"151272";"142534";"120366";"151932";
"78";"PLOMB ET OUVRAGES EN PLOMB";"4";"PRODUITS BRUTS D'ORIGINE MINERALE";"2";"MATIÈRES BRUTES NON COMESTIBLES À L'EXCEPTION DES CARBURANTS";"0";"0";"0";"0";"0";"0";"0";"19795";"0";"0";"0";"0";
"78";"PLOMB ET OUVRAGES EN PLOMB";"5";"DEMI  PRODUITS";"6";"ARTICLES MANUFACTURÉS CLASSÉS PRINCIPALEMENT D'APRÈS LA MATIÈRE PREMIÈRE";"4541777";"92781";"3741846";"6840522";"1187078";"160209";"5082062";"3434781";"9036947";"6059489";"6746423";"5174410";
"78";"PLOMB ET OUVRAGES EN PLOMB";"8";"PRODUITS FINIS DE CONSOMMATION";"6";"ARTICLES MANUFACTURÉS CLASSÉS PRINCIPALEMENT D'APRÈS LA MATIÈRE PREMIÈRE";"180";"2097";"271";"370";"6345";"4344";"468";"7442";"981";"1586";"25118";"18905";
"79";"ZINC ET OUVRAGES EN ZINC";"4";"PRODUITS BRUTS D'ORIGINE MINERALE";"2";"MATIÈRES BRUTES NON COMESTIBLES À L'EXCEPTION DES CARBURANTS";"83284";"141270";"0";"897870";"0";"38756";"1002300";"1528880";"20690";"0";"132000";"15000";
"79";"ZINC ET OUVRAGES EN ZINC";"5";"DEMI  PRODUITS";"6";"ARTICLES MANUFACTURÉS CLASSÉS PRINCIPALEMENT D'APRÈS LA MATIÈRE PREMIÈRE";"1623096";"1462962";"2908907";"525294";"2760257";"630985";"1423910";"748750";"1018906";"1818144";"3902454";"1508616";
"80";"ETAIN ET OUVRAGES EN ÉTAIN";"5";"DEMI  PRODUITS";"6";"ARTICLES MANUFACTURÉS CLASSÉS PRINCIPALEMENT D'APRÈS LA MATIÈRE PREMIÈRE";"5442";"8041";"12526";"8236";"12596";"746";"518";"13975";"7789";"734";"18610";"456";
"80";"ETAIN ET OUVRAGES EN ÉTAIN";"8";"PRODUITS FINIS DE CONSOMMATION";"6";"ARTICLES MANUFACTURÉS CLASSÉS PRINCIPALEMENT D'APRÈS LA MATIÈRE PREMIÈRE";"0";"95";"0";"0";"83";"121";"267";"0";"3";"0";"78";"5";
"81";"AUTRES MÉTAUX COMMUNS, CERMETS";"5";"DEMI  PRODUITS";"6";"ARTICLES MANUFACTURÉS CLASSÉS PRINCIPALEMENT D'APRÈS LA MATIÈRE PREMIÈRE";"44454";"171887";"207611";"208313";"188005";"418238";"57449";"212163";"212127";"200358";"152506";"400299";
"82";"OUTILS, OUTILLAGES, ARTICLES DE COUTELLERIE EN MÉTAUX COMMUNS";"8";"PRODUITS FINIS DE CONSOMMATION";"6";"ARTICLES MANUFACTURÉS CLASSÉS PRINCIPALEMENT D'APRÈS LA MATIÈRE PREMIÈRE";"101279";"413970";"76692";"107408";"118121";"81286";"262031";"187181";"87002";"114520";"131571";"147342";
"82";"OUTILS, OUTILLAGES, ARTICLES DE COUTELLERIE EN MÉTAUX COMMUNS";"6";"PRODUITS FINIS D'EQUIPEMENT AGRICOLE";"6";"ARTICLES MANUFACTURÉS CLASSÉS PRINCIPALEMENT D'APRÈS LA MATIÈRE PREMIÈRE";"11843";"106492";"58177";"21499";"29324";"28501";"10646";"43693";"53219";"36326";"74801";"33981";
"82";"OUTILS, OUTILLAGES, ARTICLES DE COUTELLERIE EN MÉTAUX COMMUNS";"5";"DEMI  PRODUITS";"6";"ARTICLES MANUFACTURÉS CLASSÉS PRINCIPALEMENT D'APRÈS LA MATIÈRE PREMIÈRE";"35533";"64113";"16506";"15537";"56083";"16300";"9484";"15603";"37491";"15511";"15587";"65126";
"82";"OUTILS, OUTILLAGES, ARTICLES DE COUTELLERIE EN MÉTAUX COMMUNS";"7";"PRODUITS FINIS D'EQUIPEMENT INDUSTRIEL";"6";"ARTICLES MANUFACTURÉS CLASSÉS PRINCIPALEMENT D'APRÈS LA MATIÈRE PREMIÈRE";"192694";"231432";"328582";"164247";"263043";"188611";"231496";"369459";"370037";"231857";"266286";"343029";
"83";"OUVRAGES DIVERS EN MÉTAUX COMMUNS";"8";"PRODUITS FINIS DE CONSOMMATION";"8";"ARTICLES MANUFACTURÉS DIVERS";"5516";"26139";"15624";"17672";"18831";"25679";"21927";"57314";"19694";"9813";"29323";"22667";
"83";"OUVRAGES DIVERS EN MÉTAUX COMMUNS";"7";"PRODUITS FINIS D'EQUIPEMENT INDUSTRIEL";"8";"ARTICLES MANUFACTURÉS DIVERS";"103";"306";"4";"1897";"1111";"14025";"655";"0";"6663";"746";"1555";"0";
"83";"OUVRAGES DIVERS EN MÉTAUX COMMUNS";"5";"DEMI  PRODUITS";"8";"ARTICLES MANUFACTURÉS DIVERS";"34";"3906";"116";"148";"330";"12361";"4020";"186";"520";"517";"6";"29";
"83";"OUVRAGES DIVERS EN MÉTAUX COMMUNS";"7";"PRODUITS FINIS D'EQUIPEMENT INDUSTRIEL";"6";"ARTICLES MANUFACTURÉS CLASSÉS PRINCIPALEMENT D'APRÈS LA MATIÈRE PREMIÈRE";"30073";"29206";"58774";"4457";"62523";"31382";"61380";"6138";"17605";"46321";"56686";"22027";
"83";"OUVRAGES DIVERS EN MÉTAUX COMMUNS";"5";"DEMI  PRODUITS";"6";"ARTICLES MANUFACTURÉS CLASSÉS PRINCIPALEMENT D'APRÈS LA MATIÈRE PREMIÈRE";"198928";"370630";"234365";"390294";"444218";"508106";"421975";"366392";"374432";"408797";"501108";"499855";
"83";"OUVRAGES DIVERS EN MÉTAUX COMMUNS";"8";"PRODUITS FINIS DE CONSOMMATION";"6";"ARTICLES MANUFACTURÉS CLASSÉS PRINCIPALEMENT D'APRÈS LA MATIÈRE PREMIÈRE";"488272";"804977";"690222";"499821";"829235";"798313";"679286";"562771";"728690";"704081";"874611";"851385";
"84";"RÉACTEURS NUCLÉAIRES, CHAUDIÈRES, MACHINES ET APPAREILS MÉCANIQUES";"7";"PRODUITS FINIS D'EQUIPEMENT INDUSTRIEL";"7";"MACHINES ET MATÉRIEL DE TRANSPORT";"9350494";"10355366";"11758477";"10055141";"14485037";"14741275";"12468063";"11585996";"12077333";"13199918";"13343886";"13691173";
"84";"RÉACTEURS NUCLÉAIRES, CHAUDIÈRES, MACHINES ET APPAREILS MÉCANIQUES";"7";"PRODUITS FINIS D'EQUIPEMENT INDUSTRIEL";"8";"ARTICLES MANUFACTURÉS DIVERS";"0";"3668";"0";"828";"328";"130";"2";"12";"0";"1611";"0";"1821";
"84";"RÉACTEURS NUCLÉAIRES, CHAUDIÈRES, MACHINES ET APPAREILS MÉCANIQUES";"8";"PRODUITS FINIS DE CONSOMMATION";"7";"MACHINES ET MATÉRIEL DE TRANSPORT";"293898";"635738";"728768";"1132485";"1352816";"1181457";"743076";"986120";"543855";"479302";"616619";"529803";
"84";"RÉACTEURS NUCLÉAIRES, CHAUDIÈRES, MACHINES ET APPAREILS MÉCANIQUES";"8";"PRODUITS FINIS DE CONSOMMATION";"8";"ARTICLES MANUFACTURÉS DIVERS";"4340";"17199";"12902";"11164";"16633";"852";"20389";"8835";"2965";"30169";"19240";"26562";
"84";"RÉACTEURS NUCLÉAIRES, CHAUDIÈRES, MACHINES ET APPAREILS MÉCANIQUES";"5";"DEMI  PRODUITS";"7";"MACHINES ET MATÉRIEL DE TRANSPORT";"97719";"76032";"79659";"109424";"194183";"107464";"106334";"131592";"105424";"102393";"140741";"130692";
"84";"RÉACTEURS NUCLÉAIRES, CHAUDIÈRES, MACHINES ET APPAREILS MÉCANIQUES";"6";"PRODUITS FINIS D'EQUIPEMENT AGRICOLE";"7";"MACHINES ET MATÉRIEL DE TRANSPORT";"661689";"684734";"820804";"632169";"460264";"304013";"596053";"597891";"895876";"792697";"709083";"705877";
"85";"MACHINES, APPAREILS ET MATÉRIELS ÉLECTRIQUES, D'ENREGISTREMENT";"8";"PRODUITS FINIS DE CONSOMMATION";"8";"ARTICLES MANUFACTURÉS DIVERS";"102903";"121623";"77000";"42408";"24425";"17219";"86384";"65478";"61085";"55867";"46554";"35915";
"85";"MACHINES, APPAREILS ET MATÉRIELS ÉLECTRIQUES, D'ENREGISTREMENT";"7";"PRODUITS FINIS D'EQUIPEMENT INDUSTRIEL";"8";"ARTICLES MANUFACTURÉS DIVERS";"2";"17";"240";"321";"150";"84";"179";"12";"522";"609";"574";"400";
"85";"MACHINES, APPAREILS ET MATÉRIELS ÉLECTRIQUES, D'ENREGISTREMENT";"7";"PRODUITS FINIS D'EQUIPEMENT INDUSTRIEL";"7";"MACHINES ET MATÉRIEL DE TRANSPORT";"8208989";"9568230";"9097576";"7222421";"8306398";"9440455";"7301355";"8088186";"7897900";"7324730";"8982717";"8819313";
"85";"MACHINES, APPAREILS ET MATÉRIELS ÉLECTRIQUES, D'ENREGISTREMENT";"8";"PRODUITS FINIS DE CONSOMMATION";"7";"MACHINES ET MATÉRIEL DE TRANSPORT";"1693899";"1833965";"1438840";"927840";"1474983";"1202536";"1833268";"1502402";"1215680";"1578280";"1458046";"1373461";
"85";"MACHINES, APPAREILS ET MATÉRIELS ÉLECTRIQUES, D'ENREGISTREMENT";"5";"DEMI  PRODUITS";"8";"ARTICLES MANUFACTURÉS DIVERS";"92009";"131149";"81347";"58253";"126921";"94875";"89202";"83628";"38890";"30946";"105603";"81690";
"85";"MACHINES, APPAREILS ET MATÉRIELS ÉLECTRIQUES, D'ENREGISTREMENT";"5";"DEMI  PRODUITS";"7";"MACHINES ET MATÉRIEL DE TRANSPORT";"1448310";"1464180";"1368869";"1164143";"1130625";"1452635";"2592897";"2894234";"2145492";"2214271";"2267709";"2226119";
"86";"VÉHICULES ET MATÉRIEL POUR VOIES FERRÉES";"7";"PRODUITS FINIS D'EQUIPEMENT INDUSTRIEL";"7";"MACHINES ET MATÉRIEL DE TRANSPORT";"1175499";"341252";"224414";"288102";"318260";"32335";"14611";"29477";"184890";"76466";"29024";"24843";
"87";"AUTOMOBILES, TRACTEURS, CYCLES, VÉHICULES TERRESTRES";"8";"PRODUITS FINIS DE CONSOMMATION";"6";"ARTICLES MANUFACTURÉS CLASSÉS PRINCIPALEMENT D'APRÈS LA MATIÈRE PREMIÈRE";"18240";"23817";"40989";"33165";"19826";"23022";"15568";"43254";"70466";"17559";"21027";"32854";
"87";"AUTOMOBILES, TRACTEURS, CYCLES, VÉHICULES TERRESTRES";"6";"PRODUITS FINIS D'EQUIPEMENT AGRICOLE";"7";"MACHINES ET MATÉRIEL DE TRANSPORT";"705407";"607770";"640237";"422119";"686216";"406957";"766536";"491326";"539792";"548655";"1038077";"1209196";
"87";"AUTOMOBILES, TRACTEURS, CYCLES, VÉHICULES TERRESTRES";"8";"PRODUITS FINIS DE CONSOMMATION";"7";"MACHINES ET MATÉRIEL DE TRANSPORT";"5029313";"4249099";"4979022";"3514482";"5474582";"5612939";"5670415";"4960821";"5508448";"5022922";"7387891";"6734826";
"87";"AUTOMOBILES, TRACTEURS, CYCLES, VÉHICULES TERRESTRES";"7";"PRODUITS FINIS D'EQUIPEMENT INDUSTRIEL";"7";"MACHINES ET MATÉRIEL DE TRANSPORT";"4157569";"3432792";"4023597";"2748478";"3645361";"3612538";"6089211";"2657086";"7997167";"3908058";"3807807";"4021300";
"87";"AUTOMOBILES, TRACTEURS, CYCLES, VÉHICULES TERRESTRES";"7";"PRODUITS FINIS D'EQUIPEMENT INDUSTRIEL";"8";"ARTICLES MANUFACTURÉS DIVERS";"1095";"8865";"141";"10303";"7592";"4049";"35626";"42206";"3330";"4739";"8069";"14178";
"88";"NAVIGATION AÉRIENNE OU SPATIALE";"7";"PRODUITS FINIS D'EQUIPEMENT INDUSTRIEL";"8";"ARTICLES MANUFACTURÉS DIVERS";"0";"0";"0";"0";"0";"21";"0";"0";"0";"0";"0";"0";
"88";"NAVIGATION AÉRIENNE OU SPATIALE";"7";"PRODUITS FINIS D'EQUIPEMENT INDUSTRIEL";"7";"MACHINES ET MATÉRIEL DE TRANSPORT";"3260";"6282";"10954";"134575";"1545";"7485";"18869";"14601";"13606";"10928";"11321";"13003";
"89";"NAVIGATION MARITIME OU FLUVIALE";"7";"PRODUITS FINIS D'EQUIPEMENT INDUSTRIEL";"7";"MACHINES ET MATÉRIEL DE TRANSPORT";"5186113";"55";"5181923";"36662";"16851511";"5691513";"11376";"44427";"736899";"2415725";"35451";"43604";
"90";"INSTRUMENTS ET APPAREILS D'OPTIQUE, DE PHOTOGRAPHIE, MÉDICO-CHIRURGICAUX";"7";"PRODUITS FINIS D'EQUIPEMENT INDUSTRIEL";"8";"ARTICLES MANUFACTURÉS DIVERS";"535936";"593407";"723503";"480661";"687210";"711689";"631064";"485856";"1161115";"481939";"685649";"645333";
"90";"INSTRUMENTS ET APPAREILS D'OPTIQUE, DE PHOTOGRAPHIE, MÉDICO-CHIRURGICAUX";"8";"PRODUITS FINIS DE CONSOMMATION";"8";"ARTICLES MANUFACTURÉS DIVERS";"31344";"26032";"37828";"26148";"37305";"30790";"37488";"30948";"35895";"37239";"53092";"36732";
"90";"INSTRUMENTS ET APPAREILS D'OPTIQUE, DE PHOTOGRAPHIE, MÉDICO-CHIRURGICAUX";"5";"DEMI  PRODUITS";"8";"ARTICLES MANUFACTURÉS DIVERS";"0";"0";"0";"0";"0";"15";"2";"0";"0";"0";"0";"0";
"90";"INSTRUMENTS ET APPAREILS D'OPTIQUE, DE PHOTOGRAPHIE, MÉDICO-CHIRURGICAUX";"7";"PRODUITS FINIS D'EQUIPEMENT INDUSTRIEL";"7";"MACHINES ET MATÉRIEL DE TRANSPORT";"57853";"71808";"71797";"68450";"79685";"82986";"122282";"103818";"88199";"109300";"120940";"77706";
"91";"HORLOGERIE";"5";"DEMI  PRODUITS";"8";"ARTICLES MANUFACTURÉS DIVERS";"6448";"6239";"6179";"6397";"7206";"6387";"3875";"5219";"4968";"3190";"3949";"4573";
"91";"HORLOGERIE";"7";"PRODUITS FINIS D'EQUIPEMENT INDUSTRIEL";"8";"ARTICLES MANUFACTURÉS DIVERS";"2169";"2584";"1500";"748";"1212";"1390";"10034";"795";"668";"2181";"1210";"2247";
"91";"HORLOGERIE";"8";"PRODUITS FINIS DE CONSOMMATION";"8";"ARTICLES MANUFACTURÉS DIVERS";"118951";"182400";"75699";"31861";"23488";"37337";"125209";"100561";"62445";"26145";"76567";"32773";
"92";"INSTRUMENTS DE MUSIQUE, PARTIES DE CES INSTRUMENTS";"8";"PRODUITS FINIS DE CONSOMMATION";"8";"ARTICLES MANUFACTURÉS DIVERS";"4977";"10180";"23045";"12454";"20067";"19620";"8459";"15357";"15502";"13023";"16059";"14029";
"93";"ARMES, MUNITIONS ET LEURS PARTIES ET ACCESSOIRES";"7";"PRODUITS FINIS D'EQUIPEMENT INDUSTRIEL";"8";"ARTICLES MANUFACTURÉS DIVERS";"20830";"95";"42615";"261";"59670";"662";"59343";"2908";"25687";"39357";"21741";"63969";
"93";"ARMES, MUNITIONS ET LEURS PARTIES ET ACCESSOIRES";"5";"DEMI  PRODUITS";"8";"ARTICLES MANUFACTURÉS DIVERS";"1";"0";"0";"0";"20";"18";"0";"1";"0";"2";"0";"1";
"94";"MEUBLES, MOBILIER MÉDICO-CHIRURGICAL, ARTICLES LUMINEUX";"5";"DEMI  PRODUITS";"8";"ARTICLES MANUFACTURÉS DIVERS";"256690";"392710";"304198";"189137";"211461";"879126";"244905";"143752";"140111";"136627";"196534";"117665";
"94";"MEUBLES, MOBILIER MÉDICO-CHIRURGICAL, ARTICLES LUMINEUX";"8";"PRODUITS FINIS DE CONSOMMATION";"8";"ARTICLES MANUFACTURÉS DIVERS";"1652919";"2008817";"2513158";"1605348";"2295060";"2549855";"2374202";"1827403";"1942776";"2225701";"2638926";"2300059";
"94";"MEUBLES, MOBILIER MÉDICO-CHIRURGICAL, ARTICLES LUMINEUX";"7";"PRODUITS FINIS D'EQUIPEMENT INDUSTRIEL";"8";"ARTICLES MANUFACTURÉS DIVERS";"92710";"159121";"136452";"109655";"241876";"196216";"289604";"220771";"238804";"180632";"166258";"237609";
"95";"JOUETS, JEUX, ARTICLES POUR DIVERTISSEMENTS OU POUR SPORT";"8";"PRODUITS FINIS DE CONSOMMATION";"8";"ARTICLES MANUFACTURÉS DIVERS";"620303";"1475265";"731590";"384517";"451920";"451959";"870930";"860776";"581711";"423169";"516344";"670757";
"96";"OUVRAGES DIVERS";"7";"PRODUITS FINIS D'EQUIPEMENT INDUSTRIEL";"8";"ARTICLES MANUFACTURÉS DIVERS";"42166";"70248";"100047";"55623";"64721";"51320";"78368";"40728";"25890";"74344";"38649";"61651";
"96";"OUVRAGES DIVERS";"5";"DEMI  PRODUITS";"8";"ARTICLES MANUFACTURÉS DIVERS";"112713";"110643";"126693";"129029";"157695";"147693";"153086";"123620";"134526";"136365";"193674";"186136";
"96";"OUVRAGES DIVERS";"8";"PRODUITS FINIS DE CONSOMMATION";"8";"ARTICLES MANUFACTURÉS DIVERS";"475114";"680121";"655464";"476144";"751500";"778402";"736005";"689885";"597163";"685921";"651879";"963097";
"97";"OBJETS D'ART, DE COLLECTION OU D'ANTIQUITÉ";"8";"PRODUITS FINIS DE CONSOMMATION";"8";"ARTICLES MANUFACTURÉS DIVERS";"1634";"15836";"5757";"23066";"25708";"130764";"10498";"24834";"35118";"31937";"30382";"94319";
